151,243,Patrick Patterson,PF,27,24.6,2.4,5.9,0.401,1.4,3.9,0.37200000000000005,0.9,2.0,0.45799999999999996,0.523,0.7,0.9,0.7170000000000001,1.0,3.6,4.5,1.2,0.6,0.4,0.6,1.8,6.8,TOR,65,24.6,1.05,1.26,2.31,5.4,7.5,97.3,42,6.05,8.0,53.5,8.0
188,328,Aaron Brooks,PG,32,13.8,1.9,4.6,0.40299999999999997,0.7,2.0,0.375,1.1,2.6,0.424,0.483,0.5,0.6,0.8,0.3,0.8,1.1,1.9,0.4,0.1,1.0,1.4,5.0,IND,65,13.8,-1.81,-1.47,-3.28,-0.09,6.2,96.55,36,2.7,10.0,1.0,3.0
15,18,Bradley Beal,SG,23,34.9,8.3,17.2,0.48200000000000004,2.9,7.2,0.40399999999999997,5.4,10.0,0.5379999999999999,0.5660000000000001,3.7,4.4,0.825,0.7,2.4,3.1,3.5,1.1,0.3,2.0,2.2,23.1,WSH,77,34.9,3.29,-1.04,2.25,9.26,11.9,100.11,48,22.12,413.5,55.5,40.5
214,389,Jared Sullinger,PF,24,10.7,1.4,4.3,0.319,0.3,1.6,0.16699999999999998,1.1,2.6,0.414,0.35100000000000003,0.4,0.7,0.5,0.9,1.5,2.5,0.3,0.4,0.1,0.4,1.5,3.4,TOR,11,10.7,-2.7,0.9,-1.8,0.1,2.7,96.58,2,5.63,368.5,11.0,2.0
206,375,Malik Beasley,SG,20,7.5,1.5,3.3,0.452,0.4,1.3,0.321,1.1,2.0,0.5329999999999999,0.514,0.4,0.5,0.8,0.2,0.5,0.8,0.5,0.3,0.0,0.4,0.5,3.8,DEN,22,7.5,-1.74,0.21,-1.53,0.18,8.6,103.72,12,1.63,159.0,0.0,14.0
160,256,Kosta Koufos,C,27,20.0,3.0,5.5,0.551,0.0,0.0,0.0,3.0,5.5,0.552,0.551,0.5,0.9,0.613,1.7,4.0,5.7,0.7,0.5,0.7,0.9,2.4,6.6,SAC,71,20.0,-2.78,2.83,0.05,2.79,9.3,96.17,27,8.05,189.0,37.0,8.0
150,241,Jared Dudley,PF,31,21.3,2.5,5.4,0.45399999999999996,1.2,3.2,0.379,1.3,2.2,0.5589999999999999,0.565,0.7,1.0,0.662,0.5,3.0,3.5,1.9,0.7,0.3,1.1,2.4,6.8,PHX,64,21.3,-0.67,1.89,1.22,3.94,7.9,103.23,17,10.47,184.0,31.0,4.0
208,377,Jonas Jerebko,PF,29,15.8,1.5,3.4,0.435,0.6,1.7,0.34600000000000003,0.9,1.7,0.523,0.521,0.3,0.5,0.703,0.8,2.7,3.5,0.9,0.3,0.2,0.5,1.6,3.8,BOS,78,15.8,-0.89,-0.14,-1.03,1.63,6.9,98.94,51,5.0,215.5,7.0,17.0
130,197,Willy Hernangomez,C,22,18.4,3.4,6.5,0.529,0.1,0.2,0.267,3.4,6.3,0.5379999999999999,0.5329999999999999,1.3,1.7,0.728,2.4,4.6,7.0,1.3,0.6,0.5,1.4,2.1,8.2,NY,72,18.4,-0.75,0.4,-0.35,2.37,13.3,99.12,27,1.44,2.0,0.0,55.5
234,455,Nick Collison,PF,36,6.4,0.7,1.2,0.609,0.0,0.1,0.0,0.7,1.1,0.636,0.609,0.3,0.4,0.625,0.5,1.1,1.6,0.6,0.1,0.1,0.2,0.9,1.7,OKC,20,6.4,-2.18,1.12,-1.06,0.17,12.0,97.52,10,3.75,283.5,10.0,12.0
3,6,DeMarcus Cousins,C,26,34.2,9.0,19.9,0.452,1.8,5.0,0.361,7.2,14.8,0.483,0.498,7.2,9.3,0.772,2.1,8.9,11.0,4.6,1.4,1.3,3.7,3.9,27.0,NO/SAC,72,34.2,3.56,0.64,4.2,11.26,17.8,97.11,30,16.96,1625.5,102.0,91.5
25,32,Joel Embiid,C,22,25.4,6.5,13.8,0.466,1.2,3.2,0.36700000000000005,5.3,10.7,0.495,0.508,6.2,7.9,0.7829999999999999,2.0,5.9,7.8,2.1,0.9,2.5,3.8,3.6,20.2,PHI,31,25.4,-0.57,2.27,1.7,2.46,17.4,100.25,13,4.83,1075.5,6852.5,2941.0
4,7,Damian Lillard,PG,26,35.9,8.8,19.8,0.444,2.9,7.7,0.37,6.0,12.1,0.49200000000000005,0.516,6.5,7.3,0.895,0.6,4.3,4.9,5.9,0.9,0.3,2.6,2.0,27.0,POR,75,35.9,4.63,-1.49,3.14,10.72,15.9,99.68,38,24.33,1830.5,186.5,43.0
29,37,Zach LaVine,SG,21,37.2,6.9,15.1,0.45899999999999996,2.6,6.6,0.387,4.4,8.5,0.515,0.544,2.5,3.0,0.836,0.4,3.0,3.4,3.0,0.9,0.2,1.8,2.2,18.9,MIN,47,37.2,-0.62,-2.35,-2.97,0.17,9.5,96.38,16,2.24,1103.0,178.5,67.0
16,19,John Wall,PG,26,36.4,8.3,18.4,0.451,1.1,3.5,0.327,7.2,14.9,0.48,0.48200000000000004,5.4,6.8,0.8009999999999999,0.8,3.4,4.2,10.7,2.0,0.6,4.1,1.9,23.1,WSH,78,36.4,3.52,-1.26,2.26,9.9,15.3,101.07,48,16.96,57.0,0.0,77.0
78,111,Frank Kaminsky,C,23,26.1,4.3,10.7,0.39899999999999997,1.5,4.7,0.32799999999999996,2.7,6.0,0.455,0.47100000000000003,1.6,2.1,0.7559999999999999,0.8,3.7,4.5,2.2,0.6,0.5,1.0,1.9,11.7,CHA,75,26.1,0.96,-0.51,0.45,4.4,8.5,98.15,31,2.73,517.0,112.5,29.0
6,9,Kawhi Leonard,SF,25,33.4,8.6,17.7,0.485,2.0,5.2,0.38,6.6,12.5,0.529,0.541,6.3,7.2,0.88,1.1,4.7,5.8,3.5,1.8,0.7,2.1,1.6,25.5,SA,74,33.4,5.83,1.25,7.08,15.53,17.4,95.79,54,17.64,2446.5,2701.5,716.5
139,210,Rajon Rondo,PG,30,26.7,3.3,8.1,0.408,0.7,1.9,0.376,2.6,6.2,0.418,0.45299999999999996,0.4,0.7,0.6,1.1,4.1,5.1,6.7,1.4,0.2,2.4,2.1,7.8,CHI,69,26.7,-1.35,-0.49,-1.84,1.51,10.6,97.96,34,14.0,1765.0,185.5,74.0
177,303,Delon Wright,PG,24,16.5,1.8,4.3,0.42200000000000004,0.4,1.1,0.33299999999999996,1.4,3.2,0.45299999999999996,0.466,1.6,2.0,0.764,0.6,1.2,1.8,2.1,1.0,0.4,0.9,1.1,5.6,TOR,27,16.5,-1.28,0.98,-0.3,0.77,10.5,94.48,19,1.58,202.5,11.5,14.0
88,125,Taj Gibson,PF,31,25.5,4.7,9.1,0.515,0.0,0.2,0.231,4.6,8.9,0.52,0.517,1.4,2.0,0.715,2.0,4.2,6.2,0.9,0.5,0.8,1.3,2.1,10.8,CHI/OKC,78,25.5,-1.76,2.02,0.26,4.29,9.7,98.39,41,8.95,231.0,52.0,17.0
99,142,Draymond Green,PF,26,32.5,3.6,8.6,0.418,1.1,3.5,0.308,2.5,5.1,0.494,0.48100000000000004,2.0,2.8,0.7090000000000001,1.3,6.6,7.9,7.0,2.0,1.4,2.4,2.9,10.2,GS,76,32.5,1.55,5.59,7.14,16.84,11.7,103.34,62,15.33,2946.0,627.0,168.5
158,254,Michael Carter-Williams,PG,25,18.8,2.5,6.8,0.366,0.3,1.4,0.23399999999999999,2.2,5.4,0.401,0.391,1.3,1.7,0.753,0.5,2.9,3.4,2.5,0.8,0.5,1.5,2.3,6.6,CHI,45,18.8,-2.82,1.12,-1.7,0.77,7.0,98.47,25,3.18,645.0,0.0,5.0
83,119,Emmanuel Mudiay,PG,20,25.6,3.8,10.0,0.377,1.0,3.2,0.315,2.8,6.8,0.408,0.428,2.4,3.0,0.784,0.5,2.7,3.2,3.9,0.7,0.2,2.2,1.7,11.0,DEN,55,25.6,-1.52,-2.38,-3.9,-0.71,7.4,101.93,25,3.24,545.0,69.0,21.0
155,247,Alec Burks,SG,25,15.5,2.4,5.9,0.39899999999999997,0.6,1.8,0.32899999999999996,1.8,4.1,0.43,0.45,1.4,1.9,0.769,0.4,2.5,2.9,0.7,0.4,0.1,0.8,1.2,6.7,UTAH,42,15.5,-2.47,-0.94,-3.41,-0.12,8.7,95.94,26,10.15,111.0,10.0,15.0
18,24,Klay Thompson,SG,26,34.0,8.3,17.6,0.46799999999999997,3.4,8.3,0.414,4.8,9.3,0.516,0.565,2.4,2.8,0.853,0.6,3.0,3.7,2.1,0.8,0.5,1.6,1.8,22.3,GS,78,34.0,2.78,-0.45,2.33,9.53,10.9,102.15,66,16.66,3708.0,797.0,225.0
42,54,Tobias Harris,PF,24,31.3,6.2,13.0,0.48100000000000004,1.3,3.8,0.34700000000000003,4.9,9.1,0.537,0.532,2.3,2.8,0.841,0.8,4.3,5.1,1.7,0.7,0.5,1.2,1.6,16.1,DET,82,31.3,1.19,-0.25,0.94,6.55,11.3,97.41,37,17.2,327.0,2.0,4.0
117,171,Michael Kidd-Gilchrist,SF,23,29.0,3.6,7.6,0.47700000000000004,0.0,0.1,0.111,3.6,7.5,0.483,0.478,1.9,2.4,0.784,1.9,5.0,7.0,1.4,1.0,1.0,0.7,2.3,9.2,CHA,81,29.0,-1.97,2.47,0.5,5.31,9.3,97.79,36,13.0,575.5,29.0,11.0
149,232,Joe Ingles,SF,29,24.0,2.5,5.5,0.452,1.5,3.4,0.441,1.0,2.1,0.47100000000000003,0.589,0.6,0.8,0.735,0.3,2.9,3.2,2.7,1.2,0.1,1.3,2.0,7.1,UTAH,82,24.0,2.29,0.26,2.55,6.68,8.9,94.04,51,2.15,178.0,86.5,4.0
162,259,Sam Dekker,SF,22,18.4,2.6,5.6,0.473,0.8,2.4,0.321,1.9,3.1,0.591,0.5429999999999999,0.5,0.9,0.5589999999999999,1.2,2.5,3.7,1.0,0.5,0.3,0.5,1.1,6.5,HOU,77,18.4,0.05,-1.42,-1.37,1.64,8.7,102.25,52,1.72,331.0,139.0,13.0
73,105,Pau Gasol,C,36,25.4,4.7,9.4,0.502,0.9,1.6,0.5379999999999999,3.9,7.8,0.494,0.5479999999999999,2.0,2.9,0.7070000000000001,1.7,6.2,7.8,2.3,0.4,1.1,1.3,1.7,12.4,SA,64,25.4,0.86,1.49,2.35,5.48,14.3,95.48,47,15.5,1983.5,882.5,148.5
223,422,Tomas Satoransky,SG,25,12.6,1.1,2.6,0.415,0.2,0.6,0.243,0.9,1.9,0.473,0.446,0.4,0.6,0.6970000000000001,0.4,1.0,1.5,1.6,0.5,0.1,0.7,1.1,2.7,WSH,57,12.6,-2.1,1.08,-1.02,0.93,6.4,95.69,33,2.87,4.0,7.0,8.5
204,373,Anthony Brown,SF,24,14.5,1.6,4.5,0.36,0.6,2.5,0.259,1.0,2.1,0.478,0.43,0.0,0.0,,0.7,2.3,3.0,0.7,0.5,0.1,0.5,1.4,3.9,NO/ORL,11,14.5,-1.42,-0.34,-1.76,0.08,5.8,94.67,3,0.06,11.0,3.0,3.0
233,454,Cole Aldrich,C,28,8.6,0.7,1.4,0.523,0.0,0.0,,0.7,1.4,0.523,0.523,0.2,0.4,0.682,0.8,1.7,2.5,0.4,0.4,0.4,0.3,1.4,1.7,MIN,62,8.6,-1.82,1.83,0.01,1.04,7.6,97.42,23,7.64,220.5,22.0,9.0
109,161,Patty Mills,PG,28,21.9,3.4,7.8,0.44,1.8,4.4,0.414,1.6,3.3,0.474,0.5579999999999999,0.8,1.0,0.825,0.3,1.5,1.8,3.5,0.8,0.0,1.3,1.4,9.5,SA,80,21.9,2.53,-1.26,1.27,4.86,10.0,98.97,60,3.58,522.0,112.0,19.0
122,180,Kelly Olynyk,C,25,20.5,3.5,6.8,0.512,0.9,2.6,0.354,2.6,4.2,0.608,0.579,1.2,1.6,0.732,1.0,3.8,4.8,2.0,0.6,0.4,1.3,2.8,9.0,BOS,75,20.5,-0.31,0.81,0.5,3.54,11.0,99.85,49,3.09,457.0,56.5,16.0
17,22,Carmelo Anthony,SF,32,34.3,8.1,18.8,0.433,2.0,5.7,0.359,6.1,13.1,0.466,0.488,4.1,4.9,0.833,0.8,5.1,5.9,2.9,0.8,0.5,2.1,2.7,22.4,NY,74,34.3,1.87,-1.75,0.12,5.26,11.8,98.48,29,24.56,3773.5,720.5,220.0
97,139,Tyreke Evans,SF,27,19.7,3.8,9.3,0.405,1.1,3.0,0.35600000000000004,2.7,6.3,0.429,0.462,1.7,2.3,0.75,0.3,3.1,3.4,3.1,0.9,0.2,1.5,1.5,10.3,NO/SAC,40,19.7,-1.52,0.02,-1.5,0.81,11.8,98.53,17,10.2,701.0,6.0,9.0
92,132,Buddy Hield,SG,23,23.0,4.0,9.4,0.426,1.8,4.6,0.391,2.2,4.7,0.461,0.523,0.8,0.9,0.8420000000000001,0.4,2.9,3.3,1.5,0.5,0.1,1.2,1.4,10.6,NO/SAC,82,23.0,-0.92,-2.28,-3.2,-0.09,8.4,98.9,31,3.52,811.5,512.0,333.0
91,129,Allen Crabbe,SG,24,28.5,3.8,8.2,0.46799999999999997,1.7,3.8,0.444,2.1,4.4,0.49,0.5720000000000001,1.3,1.6,0.847,0.2,2.6,2.9,1.2,0.7,0.3,0.8,2.2,10.7,POR,79,28.5,0.22,-2.87,-2.65,0.68,7.4,99.95,39,18.5,193.5,11.5,9.0
94,134,Marcus Smart,SG,22,30.4,3.4,9.5,0.359,1.2,4.2,0.28300000000000003,2.2,5.3,0.42,0.42200000000000004,2.6,3.2,0.812,1.0,2.9,3.9,4.6,1.6,0.4,2.0,2.4,10.6,BOS,79,30.4,0.26,0.49,0.75,5.98,8.1,100.29,51,3.58,399.5,1.0,9.0
37,47,LaMarcus Aldridge,PF,31,32.4,6.9,14.6,0.47700000000000004,0.3,0.8,0.41100000000000003,6.6,13.8,0.48,0.488,3.1,3.8,0.812,2.4,4.9,7.3,1.9,0.6,1.2,1.4,2.2,17.3,SA,72,32.4,-0.09,1.05,0.96,5.79,12.2,94.47,52,20.58,958.0,195.0,63.0
171,289,Jerian Grant,PG,24,16.3,2.0,4.8,0.425,0.8,2.1,0.366,1.3,2.7,0.473,0.507,1.0,1.2,0.89,0.3,1.5,1.8,1.9,0.7,0.1,0.7,1.5,5.9,CHI,63,16.3,0.5,1.07,1.57,3.03,8.4,97.0,29,1.64,371.0,25.0,32.5
146,225,David Lee,PF,33,18.7,3.1,5.3,0.59,0.0,0.0,,3.1,5.3,0.59,0.59,1.0,1.4,0.708,1.9,3.7,5.6,1.6,0.4,0.5,1.0,1.6,7.3,SA,79,18.7,-0.38,1.5,1.12,3.98,12.6,98.36,58,1.55,42.0,56.5,35.0
48,60,Jeff Teague,PG,28,32.4,4.9,11.1,0.442,1.1,3.1,0.35700000000000004,3.8,8.0,0.475,0.49200000000000005,4.4,5.1,0.867,0.4,3.6,4.0,7.8,1.2,0.4,2.6,2.0,15.3,IND,82,32.4,1.86,-0.22,1.64,8.08,13.1,98.98,42,8.8,12.0,17.5,13.5
179,307,Terry Rozier,PG,22,17.1,2.0,5.6,0.36700000000000005,0.8,2.4,0.318,1.3,3.1,0.405,0.43700000000000006,0.7,0.9,0.773,0.5,2.5,3.1,1.8,0.6,0.1,0.6,0.9,5.5,BOS,74,17.1,-1.05,-0.01,-1.06,1.65,9.1,98.27,47,1.91,208.0,2.0,6.0
20,26,Gordon Hayward,SF,26,34.5,7.5,15.8,0.47100000000000003,2.0,5.1,0.39799999999999996,5.4,10.7,0.506,0.536,5.0,5.9,0.8440000000000001,0.7,4.7,5.4,3.5,1.0,0.3,1.9,1.6,21.9,UTAH,73,34.5,3.14,-0.08,3.06,9.45,15.8,93.44,46,16.07,689.0,319.0,50.5
113,166,Cory Joseph,PG,25,25.0,3.7,8.3,0.452,0.6,1.7,0.35600000000000004,3.1,6.6,0.47700000000000004,0.489,1.2,1.5,0.77,0.6,2.3,2.9,3.3,0.8,0.2,1.4,1.8,9.3,TOR,80,25.0,-0.5,-1.94,-2.44,0.86,8.9,97.43,49,7.32,516.5,48.5,15.0
90,128,Courtney Lee,SG,31,31.9,4.2,9.1,0.456,1.4,3.5,0.401,2.8,5.6,0.49,0.5329999999999999,1.1,1.3,0.867,0.7,2.7,3.4,2.3,1.1,0.3,0.9,1.8,10.8,NY,77,31.9,0.58,-1.51,-0.93,3.4,7.7,97.86,29,11.24,337.5,2.0,1.0
68,91,Darren Collison,PG,29,30.3,5.0,10.5,0.47600000000000003,1.1,2.6,0.41700000000000004,3.9,7.9,0.495,0.527,2.2,2.5,0.86,0.3,1.9,2.2,4.6,1.0,0.1,1.7,1.8,13.2,SAC,68,30.3,1.06,-1.47,-0.41,3.44,10.0,96.23,26,5.23,295.0,4.0,7.0
65,83,Will Barton,SG,26,28.4,4.9,11.1,0.44299999999999995,1.5,3.9,0.37,3.5,7.2,0.483,0.508,2.4,3.2,0.753,1.0,3.4,4.3,3.4,0.8,0.5,1.6,1.8,13.7,DEN,60,28.4,0.05,-1.2,-1.15,2.2,10.2,100.14,31,3.53,190.0,1.0,3.0
166,272,Spencer Hawes,PF,28,14.8,2.5,5.1,0.484,0.5,1.5,0.309,2.0,3.6,0.556,0.529,0.8,1.0,0.846,0.7,2.8,3.5,1.5,0.3,0.6,0.9,1.4,6.2,MIL/CHA,54,14.8,-2.13,-0.87,-3.0,0.06,10.9,100.06,27,6.35,195.0,12.0,4.0
218,400,Jarrett Jack,PG,33,16.5,1.0,1.5,0.667,0.0,0.5,0.0,1.0,1.0,1.0,0.667,1.0,1.0,1.0,0.0,0.0,0.0,2.5,1.0,0.0,1.5,2.0,3.0,NO,2,16.5,-1.85,0.01,-1.84,0.03,5.1,97.67,1,0.06,245.5,11.5,7.0
27,34,Marc Gasol,C,32,34.2,7.2,15.7,0.45899999999999996,1.4,3.6,0.38799999999999996,5.8,12.1,0.48,0.503,3.8,4.5,0.8370000000000001,0.8,5.5,6.3,4.6,0.9,1.3,2.2,2.3,19.5,MEM,74,34.2,1.86,0.72,2.58,8.69,15.1,94.43,40,21.17,825.0,0.0,75.5
182,314,Chasson Randle,PG,23,11.5,1.5,3.8,0.408,0.6,1.8,0.34,0.9,2.0,0.47100000000000003,0.49,1.6,1.7,0.953,0.2,1.0,1.2,1.3,0.3,0.1,0.7,1.5,5.3,NY/PHI,26,11.5,-0.74,-1.36,-2.1,0.2,8.4,98.49,8,1.31,82.0,13.5,7.0
55,71,Myles Turner,C,20,31.4,5.5,10.7,0.511,0.5,1.4,0.348,5.0,9.3,0.536,0.534,3.0,3.7,0.809,1.7,5.6,7.3,1.3,0.9,2.1,1.3,3.2,14.5,IND,81,31.4,0.09,2.57,2.66,9.31,11.2,98.5,42,2.46,10.0,53.0,31.0
44,56,Dion Waiters,SG,25,30.1,6.1,14.4,0.424,1.8,4.7,0.395,4.3,9.7,0.43799999999999994,0.488,1.8,2.8,0.6459999999999999,0.4,2.9,3.3,4.3,0.9,0.4,2.2,2.1,15.8,MIA,46,30.1,0.12,-0.07,0.05,2.8,10.0,98.03,27,2.9,512.0,0.0,7.0
84,120,Terrence Ross,SF,25,25.1,4.2,9.6,0.43700000000000006,1.8,5.0,0.363,2.4,4.6,0.518,0.532,0.8,1.0,0.831,0.2,2.4,2.6,1.1,1.1,0.4,0.9,1.8,11.0,ORL/TOR,78,25.1,1.36,-1.23,0.13,4.06,7.8,99.82,39,10.0,446.5,0.0,0.0
216,396,Paul Pierce,SF,39,11.1,1.1,2.8,0.4,0.6,1.7,0.349,0.5,1.1,0.48100000000000004,0.507,0.4,0.5,0.769,0.0,1.9,1.9,0.4,0.2,0.2,0.6,1.6,3.2,LAC,25,11.1,-2.04,1.24,-0.8,0.4,4.4,97.71,16,3.53,1671.0,346.5,142.0
161,257,Andre Roberson,SF,25,30.1,2.7,5.9,0.46399999999999997,0.6,2.3,0.245,2.2,3.5,0.609,0.513,0.6,1.4,0.423,1.2,3.9,5.1,1.0,1.2,1.0,0.6,2.6,6.6,OKC,79,30.1,-1.4,2.64,1.24,6.73,5.9,101.08,46,2.18,7.5,10.0,8.0
140,211,Garrett Temple,SG,30,26.6,2.8,6.6,0.424,1.3,3.4,0.373,1.6,3.3,0.47600000000000003,0.519,0.9,1.1,0.784,0.5,2.3,2.8,2.6,1.3,0.4,1.2,2.2,7.8,SAC,65,26.6,-0.14,-0.46,-0.6,2.67,7.1,97.51,25,8.0,100.0,2.0,1.0
40,51,Nikola Jokic,C,21,27.9,6.8,11.7,0.578,0.6,1.9,0.324,6.2,9.8,0.628,0.605,2.6,3.1,0.825,2.9,6.9,9.8,4.9,0.8,0.8,2.3,2.9,16.7,DEN,73,27.9,4.44,2.29,6.73,13.18,16.7,100.76,37,1.36,8.0,0.0,1.0
134,203,Tristan Thompson,C,25,29.9,3.4,5.6,0.6,0.0,0.0,0.0,3.4,5.6,0.604,0.6,1.4,2.7,0.498,3.7,5.5,9.2,1.0,0.5,1.1,0.8,2.3,8.1,CLE,78,29.9,-1.31,1.31,0.0,4.62,8.9,98.28,50,15.33,1365.5,368.0,211.0
225,428,DeAndre Liggins,SG,28,12.5,0.9,2.3,0.387,0.3,0.7,0.37,0.6,1.5,0.396,0.447,0.4,0.6,0.625,0.3,1.4,1.7,0.9,0.8,0.2,0.7,1.3,2.5,CLE/DAL,62,12.5,-3.13,0.76,-2.37,0.37,4.6,97.12,40,1.58,150.5,2.0,2.0
221,415,Kyle Singler,SF,28,12.0,1.1,2.6,0.41,0.2,1.2,0.18899999999999997,0.8,1.4,0.5870000000000001,0.452,0.4,0.5,0.765,0.3,1.3,1.5,0.3,0.2,0.2,0.3,0.9,2.8,OKC,32,12.0,-3.25,0.9,-2.35,0.19,4.6,99.19,15,4.84,354.0,9.0,6.0
81,115,Ricky Rubio,PG,26,32.9,3.5,8.7,0.402,0.8,2.6,0.306,2.7,6.1,0.44299999999999995,0.44799999999999995,3.4,3.8,0.8909999999999999,0.9,3.2,4.1,9.1,1.7,0.1,2.6,2.7,11.1,MIN,75,32.9,1.73,0.76,2.49,8.72,11.4,97.07,28,13.55,763.0,262.5,76.0
141,213,Matthew Dellavedova,PG,26,26.1,2.7,7.0,0.39,1.0,2.8,0.36700000000000005,1.7,4.2,0.40399999999999997,0.46299999999999997,1.1,1.3,0.8540000000000001,0.3,1.6,1.9,4.7,0.7,0.0,1.8,2.0,7.6,MIL,76,26.1,-0.88,-1.01,-1.89,1.54,6.6,97.5,39,9.61,910.5,175.0,30.0
38,48,Evan Fournier,SG,24,32.9,6.0,13.7,0.439,1.9,5.3,0.35600000000000004,4.1,8.4,0.491,0.508,3.3,4.1,0.805,0.6,2.4,3.1,3.0,1.0,0.1,2.1,2.6,17.2,ORL,68,32.9,0.07,-1.17,-1.1,2.89,8.5,99.6,23,17.0,253.5,21.0,10.0
169,278,Troy Williams,SF,22,18.6,2.4,5.6,0.43700000000000006,0.6,2.1,0.29,1.8,3.5,0.524,0.491,0.7,1.1,0.6559999999999999,0.5,1.8,2.3,0.8,0.9,0.3,1.1,2.0,6.2,HOU/MEM,30,18.6,-3.06,-0.45,-3.51,-0.14,5.5,98.77,19,1.58,72.0,5.0,9.0
114,167,Marquese Chriss,PF,19,21.3,3.5,7.7,0.449,0.9,2.7,0.321,2.6,5.0,0.52,0.506,1.4,2.2,0.624,1.2,3.1,4.2,0.7,0.8,0.9,1.3,3.2,9.2,PHX,82,21.3,-1.96,-1.82,-3.78,-0.76,6.3,103.56,24,2.94,252.0,0.0,22.0
157,253,Jaylen Brown,SF,20,17.2,2.5,5.4,0.45399999999999996,0.6,1.7,0.341,1.9,3.7,0.507,0.508,1.1,1.6,0.685,0.6,2.2,2.8,0.8,0.4,0.2,0.9,1.8,6.6,BOS,78,17.2,-2.95,-0.42,-3.37,-0.21,7.1,99.02,50,4.74,441.0,0.0,100.0
176,302,Georgios Papagiannis,C,19,16.1,2.5,4.6,0.5489999999999999,0.0,0.1,0.0,2.5,4.5,0.56,0.5489999999999999,0.5,0.6,0.857,1.1,2.8,3.9,0.9,0.1,0.8,1.1,2.0,5.6,SAC,22,16.1,-2.47,-0.3,-2.77,0.08,8.2,96.93,7,2.2,172.0,7.0,3.0
105,154,Jamal Murray,SG,19,21.5,3.6,8.9,0.40399999999999997,1.4,4.2,0.33399999999999996,2.2,4.7,0.466,0.483,1.3,1.5,0.883,0.5,2.1,2.6,2.1,0.6,0.3,1.4,1.5,9.9,DEN,82,21.5,0.06,-1.57,-1.51,1.86,7.8,101.15,40,3.21,411.0,0.0,62.5
111,163,Michael Beasley,PF,28,16.7,3.9,7.3,0.532,0.3,0.8,0.419,3.5,6.5,0.545,0.5539999999999999,1.4,1.9,0.743,0.7,2.7,3.4,0.9,0.5,0.5,1.2,1.6,9.4,MIL,56,16.7,-1.7,-0.61,-2.31,0.48,11.6,97.91,23,1.4,939.0,8.0,5.0
156,251,Dwight Powell,C,25,17.3,2.5,4.9,0.515,0.3,1.0,0.284,2.2,3.9,0.5710000000000001,0.542,1.4,1.8,0.759,1.2,2.8,4.0,0.6,0.8,0.5,0.4,1.8,6.7,DAL,77,17.3,-0.66,-0.51,-1.17,1.58,10.7,93.78,30,8.38,213.0,0.0,10.0
46,58,D'Angelo Russell,PG,20,28.7,5.6,13.8,0.405,2.1,6.1,0.35200000000000004,3.4,7.7,0.447,0.483,2.3,3.0,0.782,0.5,3.0,3.5,4.8,1.4,0.3,2.8,2.1,15.6,LAL,63,28.7,0.75,-2.45,-1.7,1.69,9.9,100.87,21,5.33,1327.0,0.0,232.0
47,59,Jrue Holiday,PG,26,32.7,6.0,13.3,0.45399999999999996,1.5,4.2,0.35600000000000004,4.6,9.1,0.498,0.51,1.8,2.5,0.708,0.7,3.3,3.9,7.3,1.5,0.7,2.9,2.0,15.4,NO,67,32.7,0.64,1.18,1.82,6.89,12.1,100.12,32,11.29,547.5,0.0,39.0
36,45,Dennis Schroder,PG,23,31.5,6.9,15.4,0.451,1.3,3.7,0.34,5.7,11.6,0.48700000000000004,0.493,2.8,3.2,0.855,0.5,2.6,3.1,6.3,0.9,0.2,3.3,1.9,17.9,ATL,79,31.5,0.31,-2.76,-2.45,1.07,11.7,100.32,42,2.71,2.0,51.5,20.0
196,345,Kris Humphries,PF,31,12.3,1.6,3.8,0.40700000000000003,0.3,1.0,0.35200000000000004,1.2,2.9,0.425,0.451,1.1,1.5,0.78,1.1,2.6,3.7,0.5,0.3,0.4,0.5,1.2,4.6,ATL,56,12.3,-2.3,0.41,-1.89,0.54,10.5,98.12,31,4.0,2940.5,67.0,9.0
60,78,Al Horford,C,30,32.3,5.6,11.8,0.473,1.3,3.6,0.355,4.3,8.2,0.524,0.527,1.6,2.0,0.8,1.4,5.4,6.8,5.0,0.8,1.3,1.7,2.0,14.0,BOS,68,32.3,0.76,1.06,1.82,6.93,12.5,98.96,46,26.54,870.0,136.0,71.0
115,168,Jeff Green,PF,30,22.2,3.2,8.1,0.39399999999999996,0.8,2.8,0.275,2.4,5.3,0.45799999999999996,0.442,2.1,2.4,0.863,0.6,2.5,3.1,1.2,0.5,0.2,1.1,1.5,9.2,ORL,69,22.2,-2.03,-1.31,-3.34,-0.21,7.7,98.84,26,15.0,14.0,57.5,28.5
1,2,James Harden,PG,27,36.4,8.3,18.9,0.44,3.2,9.3,0.34700000000000003,5.1,9.6,0.53,0.525,9.2,10.9,0.847,1.2,7.0,8.1,11.2,1.5,0.5,5.7,2.7,29.1,HOU,81,36.4,6.38,-1.57,4.81,15.54,19.0,102.98,54,26.5,3279.0,969.0,321.5
11,14,Jimmy Butler,SF,27,37.0,7.5,16.5,0.455,1.2,3.3,0.36700000000000005,6.3,13.2,0.47700000000000004,0.49200000000000005,7.7,8.9,0.865,1.7,4.5,6.2,5.5,1.9,0.4,2.1,1.5,23.9,CHI,76,37.0,4.82,1.8,6.62,17.35,16.4,97.78,40,17.55,41.0,89.5,30.0
236,459,Ryan Kelly,PF,25,6.9,0.5,1.8,0.28600000000000003,0.3,0.6,0.4,0.3,1.1,0.222,0.35700000000000004,0.3,0.4,0.833,0.1,1.1,1.1,0.5,0.3,0.3,0.3,0.3,1.6,ATL,16,6.9,-1.94,1.45,-0.49,0.08,7.3,96.26,6,1.58,23.0,17.0,10.0
181,311,Meyers Leonard,PF,24,16.5,2.0,5.1,0.386,1.0,2.9,0.34700000000000003,1.0,2.2,0.436,0.484,0.5,0.5,0.875,0.4,2.8,3.2,1.0,0.2,0.4,0.5,2.3,5.4,POR,74,16.5,-1.5,0.26,-1.24,1.48,6.1,99.44,37,9.21,276.0,149.0,31.0
187,327,Anthony Bennett,PF,23,11.5,1.7,4.0,0.413,0.6,2.1,0.271,1.1,1.9,0.568,0.484,1.1,1.6,0.722,1.1,2.3,3.4,0.5,0.2,0.1,0.5,0.8,5.0,BKN,23,11.5,-0.76,-1.29,-2.05,0.19,9.4,104.03,3,1.02,19.0,9.0,10.5
64,82,Kentavious Caldwell-Pope,SG,23,33.3,4.9,12.2,0.39899999999999997,2.0,5.8,0.35,2.9,6.5,0.442,0.48100000000000004,2.0,2.4,0.8320000000000001,0.7,2.5,3.3,2.5,1.2,0.2,1.1,1.6,13.8,DET,76,33.3,0.71,-1.31,-0.6,4.02,7.8,97.61,33,3.68,223.5,9.0,10.0
102,146,Kyle Korver,SG,35,26.2,3.6,7.7,0.46399999999999997,2.4,5.4,0.451,1.1,2.3,0.494,0.621,0.6,0.6,0.905,0.1,2.7,2.8,1.6,0.5,0.3,1.0,1.6,10.1,ATL/CLE,67,26.2,-0.15,-2.61,-2.76,0.41,8.1,100.0,33,5.24,842.5,107.5,30.5
138,208,Shelvin Mack,PG,26,21.9,3.1,6.9,0.446,0.7,2.2,0.308,2.4,4.7,0.51,0.495,1.0,1.4,0.688,0.4,1.9,2.3,2.8,0.8,0.1,1.6,1.8,7.8,UTAH,55,21.9,-1.51,-1.28,-2.79,0.25,7.9,93.44,34,2.43,121.5,6.0,3.0
129,195,Troy Daniels,SG,25,17.7,2.8,7.4,0.374,2.1,5.3,0.389,0.7,2.1,0.336,0.513,0.6,0.8,0.7959999999999999,0.3,1.2,1.5,0.7,0.3,0.1,0.7,1.3,8.2,MEM,67,17.7,-0.02,-2.1,-2.12,0.72,6.5,95.85,33,3.33,106.0,30.0,10.0
131,198,Caris LeVert,SF,22,21.7,3.0,6.7,0.45,1.0,3.2,0.321,2.0,3.4,0.5710000000000001,0.528,1.2,1.6,0.72,0.4,2.9,3.3,1.9,0.9,0.1,1.0,1.6,8.2,BKN,57,21.7,-0.46,-0.84,-1.3,1.53,8.6,104.52,15,1.56,198.5,0.0,28.0
0,1,Russell Westbrook,PG,28,34.6,10.2,24.0,0.425,2.5,7.2,0.34299999999999997,7.7,16.8,0.45899999999999996,0.47600000000000003,8.8,10.4,0.845,1.7,9.0,10.7,10.4,1.6,0.4,5.4,2.3,31.6,OKC,81,34.6,6.74,-0.47,6.27,17.34,23.0,102.31,46,26.5,4279.0,2130.5,559.0
184,319,Cameron Payne,PG,22,14.9,2.1,6.2,0.332,0.9,2.8,0.314,1.2,3.5,0.34600000000000003,0.402,0.2,0.3,0.625,0.1,1.5,1.5,1.8,0.5,0.1,0.9,1.7,5.2,CHI/OKC,31,14.9,-4.14,-0.31,-4.45,-0.39,4.1,98.86,16,2.11,324.5,38.5,21.0
170,280,JaVale McGee,C,29,9.6,2.7,4.1,0.652,0.0,0.0,0.0,2.7,4.1,0.6579999999999999,0.652,0.7,1.4,0.505,1.3,1.9,3.2,0.2,0.2,0.9,0.5,1.4,6.1,GS,77,9.6,0.83,0.11,0.94,2.04,12.5,105.1,62,1.4,804.5,0.0,32.0
145,224,Danny Green,SG,29,26.6,2.6,6.6,0.392,1.7,4.6,0.379,0.9,2.0,0.42,0.523,0.4,0.5,0.8440000000000001,0.5,2.8,3.3,1.8,1.0,0.8,1.1,1.8,7.3,SA,68,26.6,-0.45,1.71,1.26,4.83,6.9,94.47,51,10.0,6.0,0.0,15.0
235,457,Bruno Caboclo,SF,21,4.4,0.7,1.8,0.375,0.2,0.7,0.33299999999999996,0.4,1.1,0.4,0.43799999999999994,0.0,0.0,,0.6,0.6,1.1,0.4,0.2,0.1,0.2,0.4,1.6,TOR,9,4.4,-1.76,0.11,-1.65,0.04,9.4,95.38,8,1.59,270.5,11.0,8.0
199,353,Stanley Johnson,SF,20,17.8,1.7,4.7,0.353,0.6,2.0,0.292,1.1,2.7,0.39799999999999996,0.415,0.5,0.7,0.679,0.5,2.0,2.5,1.4,0.7,0.3,0.9,1.6,4.4,DET,77,17.8,-2.34,-0.04,-2.38,0.63,4.8,96.99,35,2.97,10.0,0.0,19.0
110,162,Nik Stauskas,SG,23,27.4,3.1,7.9,0.396,1.7,4.5,0.368,1.5,3.4,0.433,0.5,1.5,1.9,0.813,0.3,2.6,2.8,2.4,0.6,0.4,1.6,1.8,9.5,PHI,80,27.4,-0.32,-2.25,-2.57,0.78,6.7,100.28,27,2.99,451.0,28.0,11.0
7,10,Stephen Curry,PG,28,33.4,8.5,18.3,0.46799999999999997,4.1,10.0,0.41100000000000003,4.4,8.3,0.537,0.58,4.1,4.6,0.898,0.8,3.7,4.5,6.6,1.8,0.2,3.0,2.3,25.3,GS,79,33.4,7.27,0.14,7.41,18.8,15.1,105.08,65,12.11,17570.5,12278.0,2893.0
227,432,Mike Scott,PF,28,10.8,0.9,3.3,0.28800000000000003,0.2,1.5,0.14800000000000002,0.7,1.8,0.406,0.322,0.4,0.4,0.875,0.6,1.5,2.1,0.9,0.2,0.2,0.4,0.7,2.5,ATL,18,10.8,-2.92,0.26,-2.66,0.06,5.8,97.93,7,3.33,7.0,2.0,1.0
28,36,Kevin Love,PF,28,31.4,6.2,14.5,0.42700000000000005,2.4,6.5,0.373,3.8,8.0,0.47100000000000003,0.51,4.3,4.9,0.871,2.5,8.6,11.1,1.9,0.9,0.4,2.0,2.1,19.0,CLE,60,31.4,2.77,2.26,5.03,9.76,14.8,99.66,40,21.17,2013.5,866.5,194.5
